month,average
1,110.31299881656807
2,117.77483082242527
3,94.36312427409987
4,82.24500725689404
5,76.68026989935957
6,89.65195704633203
7,89.96540663334851
8,75.53524018532066
9,77.82107415619615
10,110.75307852193993
11,108.56280623082363
12,106.6088781163435
