year,average
2010,104.04572982326042
2011,99.0932403834184
2012,90.53876763535511
2013,98.17592757596528
2014,93.53994291585795
2015,85.79324429223759
