month,TEMP
1,-3.9893491124260354
2,-1.1602864904914794
3,6.389869888475836
4,14.248911465892599
5,21.34537968892955
6,24.611634081583393
7,27.081099500227168
8,25.81219512195122
9,20.32569598423257
10,13.128406466512702
11,4.59301227573253
12,-1.7661048256753638
