year,average
2010,104.04572982326042
2011,99.0932403834184
2012,90.53876763535511
2013,98.40268334475678
2014,93.91770864253918
2015,85.85893721461186
