month,average
1,110.4638651
2,118.104574
3,94.4397561
4,81.95839381
5,76.29260522
6,90.15037403
7,89.84373012
8,75.42193367
9,77.83843558
10,111.3692356
11,108.4754874
12,107.3044044
